system,source_file,cp_index,signature,cp_type,line,x,y,z,raw_line
pdi,calculations/pdi/multiwfn_analysis/qtaim/pdi_CPs.txt,1,"(3,-3)",nuclear,2,-6.464908,-6.300677,-0.05912,1   -6.464908   -6.300677   -0.059120      1
pdi,calculations/pdi/multiwfn_analysis/qtaim/pdi_CPs.txt,2,"(3,-3)",nuclear,3,-1.859007,-6.373345,-0.047475,2   -1.859007   -6.373345   -0.047475      1
pdi,calculations/pdi/multiwfn_analysis/qtaim/pdi_CPs.txt,3,"(3,-3)",nuclear,4,1.839832,-6.37599,-0.071115,3    1.839832   -6.375990   -0.071115      1
pdi,calculations/pdi/multiwfn_analysis/qtaim/pdi_CPs.txt,4,"(3,-3)",nuclear,5,-10.781177,-4.285321,-0.051076,4  -10.781177   -4.285321   -0.051076      1
pdi,calculations/pdi/multiwfn_analysis/qtaim/pdi_CPs.txt,5,"(3,-3)",nuclear,6,6.445833,-6.310575,-0.059108,5    6.445833   -6.310575   -0.059108      1
pdi,calculations/pdi/multiwfn_analysis/qtaim/pdi_CPs.txt,6,"(3,-3)",nuclear,7,-5.419016,-4.570708,-0.044806,6   -5.419016   -4.570708   -0.044806      1
pdi,calculations/pdi/multiwfn_analysis/qtaim/pdi_CPs.txt,7,"(3,-3)",nuclear,8,-2.789641,-4.583068,-0.041411,7   -2.789641   -4.583068   -0.041411      1
pdi,calculations/pdi/multiwfn_analysis/qtaim/pdi_CPs.txt,8,"(3,-3)",nuclear,9,2.773219,-4.587267,-0.049864,8    2.773219   -4.587267   -0.049864      1
pdi,calculations/pdi/multiwfn_analysis/qtaim/pdi_CPs.txt,9,"(3,-3)",nuclear,10,5.402611,-4.578981,-0.046644,9    5.402611   -4.578981   -0.046644      1
pdi,calculations/pdi/multiwfn_analysis/qtaim/pdi_CPs.txt,10,"(3,-3)",nuclear,11,-9.522043,-2.354426,-0.031479,10   -9.522043   -2.354426   -0.031479      1
pdi,calculations/pdi/multiwfn_analysis/qtaim/pdi_CPs.txt,11,"(3,-3)",nuclear,12,-6.731959,-2.314268,-0.030452,11   -6.731959   -2.314268   -0.030452      1
pdi,calculations/pdi/multiwfn_analysis/qtaim/pdi_CPs.txt,12,"(3,-3)",nuclear,13,10.765206,-4.301945,-0.038017,12   10.765206   -4.301945   -0.038017      1
pdi,calculations/pdi/multiwfn_analysis/qtaim/pdi_CPs.txt,13,"(3,-3)",nuclear,14,-1.387846,-2.351131,-0.022201,13   -1.387846   -2.351131   -0.022201      1
pdi,calculations/pdi/multiwfn_analysis/qtaim/pdi_CPs.txt,14,"(3,-3)",nuclear,15,1.374849,-2.353149,-0.034965,14    1.374849   -2.353149   -0.034965      1
pdi,calculations/pdi/multiwfn_analysis/qtaim/pdi_CPs.txt,15,"(3,-3)",nuclear,16,6.719026,-2.324609,-0.026627,15    6.719026   -2.324609   -0.026627      1
pdi,calculations/pdi/multiwfn_analysis/qtaim/pdi_CPs.txt,16,"(3,-3)",nuclear,17,-12.554139,0.008084,-0.009062,16  -12.554139    0.008084   -0.009062      1
pdi,calculations/pdi/multiwfn_analysis/qtaim/pdi_CPs.txt,17,"(3,-3)",nuclear,18,-10.676934,0.006627,-0.008905,17  -10.676934    0.006627   -0.008905      1
pdi,calculations/pdi/multiwfn_analysis/qtaim/pdi_CPs.txt,18,"(3,-3)",nuclear,19,9.509045,-2.369047,-0.026912,18    9.509045   -2.369047   -0.026912      1
pdi,calculations/pdi/multiwfn_analysis/qtaim/pdi_CPs.txt,19,"(3,-3)",nuclear,20,-5.39995,0.002524,-0.007721,19   -5.399950    0.002524   -0.007721      1
pdi,calculations/pdi/multiwfn_analysis/qtaim/pdi_CPs.txt,20,"(3,-3)",nuclear,21,-2.702872,0.000601,-0.024865,20   -2.702872    0.000601   -0.024865      1
pdi,calculations/pdi/multiwfn_analysis/qtaim/pdi_CPs.txt,21,"(3,-3)",nuclear,22,2.693492,-0.003749,0.003206,21    2.693492   -0.003749    0.003206      1
pdi,calculations/pdi/multiwfn_analysis/qtaim/pdi_CPs.txt,22,"(3,-3)",nuclear,23,5.390571,-0.005697,-0.013944,22    5.390571   -0.005697   -0.013944      1
pdi,calculations/pdi/multiwfn_analysis/qtaim/pdi_CPs.txt,23,"(3,-3)",nuclear,24,-9.518395,2.365879,0.01424,23   -9.518395    2.365879    0.014240      1
pdi,calculations/pdi/multiwfn_analysis/qtaim/pdi_CPs.txt,24,"(3,-3)",nuclear,25,10.667553,-0.009708,-0.012785,24   10.667553   -0.009708   -0.012785      1
pdi,calculations/pdi/multiwfn_analysis/qtaim/pdi_CPs.txt,25,"(3,-3)",nuclear,26,12.544758,-0.011138,-0.01263,25   12.544758   -0.011138   -0.012630      1
pdi,calculations/pdi/multiwfn_analysis/qtaim/pdi_CPs.txt,26,"(3,-3)",nuclear,27,-6.728372,2.321404,0.013156,26   -6.728372    2.321404    0.013156      1
pdi,calculations/pdi/multiwfn_analysis/qtaim/pdi_CPs.txt,27,"(3,-3)",nuclear,28,-1.3842,2.349907,0.017135,27   -1.384200    2.349907    0.017135      1
pdi,calculations/pdi/multiwfn_analysis/qtaim/pdi_CPs.txt,28,"(3,-3)",nuclear,29,1.378437,2.347947,-0.003266,28    1.378437    2.347947   -0.003266      1
pdi,calculations/pdi/multiwfn_analysis/qtaim/pdi_CPs.txt,29,"(3,-3)",nuclear,30,-10.774526,4.29873,0.033223,29  -10.774526    4.298730    0.033223      1
pdi,calculations/pdi/multiwfn_analysis/qtaim/pdi_CPs.txt,30,"(3,-3)",nuclear,31,6.72255,2.311187,0.000587,30    6.722550    2.311187    0.000587      1
pdi,calculations/pdi/multiwfn_analysis/qtaim/pdi_CPs.txt,31,"(3,-3)",nuclear,32,9.512639,2.351391,0.000797,31    9.512639    2.351391    0.000797      1
pdi,calculations/pdi/multiwfn_analysis/qtaim/pdi_CPs.txt,32,"(3,-3)",nuclear,33,-5.411925,4.575668,0.041621,32   -5.411925    4.575668    0.041621      1
pdi,calculations/pdi/multiwfn_analysis/qtaim/pdi_CPs.txt,33,"(3,-3)",nuclear,34,-2.78253,4.583936,0.042701,33   -2.782530    4.583936    0.042701      1
pdi,calculations/pdi/multiwfn_analysis/qtaim/pdi_CPs.txt,34,"(3,-3)",nuclear,35,2.780197,4.57996,0.005279,34    2.780197    4.579960    0.005279      1
pdi,calculations/pdi/multiwfn_analysis/qtaim/pdi_CPs.txt,35,"(3,-3)",nuclear,36,5.409576,4.56765,0.006516,35    5.409576    4.567650    0.006516      1
pdi,calculations/pdi/multiwfn_analysis/qtaim/pdi_CPs.txt,36,"(3,-3)",nuclear,37,-6.455131,6.307198,0.061982,36   -6.455131    6.307198    0.061982      1
pdi,calculations/pdi/multiwfn_analysis/qtaim/pdi_CPs.txt,37,"(3,-3)",nuclear,38,10.771746,4.282368,0.012522,37   10.771746    4.282368    0.012522      1
pdi,calculations/pdi/multiwfn_analysis/qtaim/pdi_CPs.txt,38,"(3,-3)",nuclear,39,-1.849086,6.372526,0.071198,38   -1.849086    6.372526    0.071198      1
pdi,calculations/pdi/multiwfn_analysis/qtaim/pdi_CPs.txt,39,"(3,-3)",nuclear,40,1.849513,6.370218,0.00411,39    1.849513    6.370218    0.004110      1
pdi,calculations/pdi/multiwfn_analysis/qtaim/pdi_CPs.txt,40,"(3,-3)",nuclear,41,6.455454,6.297676,0.012932,40    6.455454    6.297676    0.012932      1
pdi,calculations/pdi/multiwfn_analysis/qtaim/pdi_CPs.txt,41,"(3,-1)",bond,42,-6.107065,-5.719739,-0.054292,41   -6.107065   -5.719739   -0.054292      2
pdi,calculations/pdi/multiwfn_analysis/qtaim/pdi_CPs.txt,42,"(3,-1)",bond,43,-2.179811,-5.748392,-0.045438,42   -2.179811   -5.748392   -0.045438      2
pdi,calculations/pdi/multiwfn_analysis/qtaim/pdi_CPs.txt,43,"(3,-1)",bond,44,-0.009246,-5.934185,-0.05593,43   -0.009246   -5.934185   -0.055930      2
pdi,calculations/pdi/multiwfn_analysis/qtaim/pdi_CPs.txt,44,"(3,-1)",bond,45,2.161597,-5.751575,-0.063613,44    2.161597   -5.751575   -0.063613      2
pdi,calculations/pdi/multiwfn_analysis/qtaim/pdi_CPs.txt,45,"(3,1)",ring,46,-0.008667,-5.179813,-0.050182,45   -0.008667   -5.179813   -0.050182      3
pdi,calculations/pdi/multiwfn_analysis/qtaim/pdi_CPs.txt,46,"(3,-1)",bond,47,-4.100511,-4.571103,-0.043044,46   -4.100511   -4.571103   -0.043044      2
pdi,calculations/pdi/multiwfn_analysis/qtaim/pdi_CPs.txt,47,"(3,-1)",bond,48,6.088887,-5.729078,-0.054936,47    6.088887   -5.729078   -0.054936      2
pdi,calculations/pdi/multiwfn_analysis/qtaim/pdi_CPs.txt,48,"(3,-1)",bond,49,-9.954429,-2.999059,-0.038021,48   -9.954429   -2.999059   -0.038021      2
pdi,calculations/pdi/multiwfn_analysis/qtaim/pdi_CPs.txt,49,"(3,-1)",bond,50,-6.073274,-3.451481,-0.037897,49   -6.073274   -3.451481   -0.037897      2
pdi,calculations/pdi/multiwfn_analysis/qtaim/pdi_CPs.txt,50,"(3,-1)",bond,51,4.084108,-4.577332,-0.048225,50    4.084108   -4.577332   -0.048225      2
pdi,calculations/pdi/multiwfn_analysis/qtaim/pdi_CPs.txt,51,"(3,-1)",bond,52,-2.09458,-3.485217,-0.032133,51   -2.094580   -3.485217   -0.032133      2
pdi,calculations/pdi/multiwfn_analysis/qtaim/pdi_CPs.txt,52,"(3,-1)",bond,53,-8.089398,-2.317813,-0.030728,52   -8.089398   -2.317813   -0.030728      2
pdi,calculations/pdi/multiwfn_analysis/qtaim/pdi_CPs.txt,53,"(3,-1)",bond,54,2.079844,-3.488339,-0.042356,53    2.079844   -3.488339   -0.042356      2
pdi,calculations/pdi/multiwfn_analysis/qtaim/pdi_CPs.txt,54,"(3,1)",ring,55,-4.062303,-2.276935,-0.027865,54   -4.062303   -2.276935   -0.027865      3
pdi,calculations/pdi/multiwfn_analysis/qtaim/pdi_CPs.txt,55,"(3,-1)",bond,56,6.05859,-3.460791,-0.036515,55    6.058590   -3.460791   -0.036515      2
pdi,calculations/pdi/multiwfn_analysis/qtaim/pdi_CPs.txt,56,"(3,-1)",bond,57,-9.945118,-1.464174,-0.022967,56   -9.945118   -1.464174   -0.022967      2
pdi,calculations/pdi/multiwfn_analysis/qtaim/pdi_CPs.txt,57,"(3,-1)",bond,58,-0.0065,-2.351906,-0.028577,57   -0.006500   -2.351906   -0.028577      2
pdi,calculations/pdi/multiwfn_analysis/qtaim/pdi_CPs.txt,58,"(3,-1)",bond,59,-6.076613,-1.160563,-0.019148,58   -6.076613   -1.160563   -0.019148      2
pdi,calculations/pdi/multiwfn_analysis/qtaim/pdi_CPs.txt,59,"(3,-1)",bond,60,9.940437,-3.014369,-0.030616,59    9.940437   -3.014369   -0.030616      2
pdi,calculations/pdi/multiwfn_analysis/qtaim/pdi_CPs.txt,60,"(3,1)",ring,61,4.049425,-2.283157,-0.028491,60    4.049425   -2.283157   -0.028491      3
pdi,calculations/pdi/multiwfn_analysis/qtaim/pdi_CPs.txt,61,"(3,-1)",bond,62,-12.113481,0.007742,-0.009026,61  -12.113481    0.007742   -0.009026      2
pdi,calculations/pdi/multiwfn_analysis/qtaim/pdi_CPs.txt,62,"(3,-1)",bond,63,-2.039515,-1.169761,-0.023885,62   -2.039515   -1.169761   -0.023885      2
pdi,calculations/pdi/multiwfn_analysis/qtaim/pdi_CPs.txt,63,"(3,-1)",bond,64,8.076456,-2.330236,-0.02673,63    8.076456   -2.330236   -0.026730      2
pdi,calculations/pdi/multiwfn_analysis/qtaim/pdi_CPs.txt,64,"(3,1)",ring,65,-8.12458,0.004652,-0.009121,64   -8.124580    0.004652   -0.009121      3
pdi,calculations/pdi/multiwfn_analysis/qtaim/pdi_CPs.txt,65,"(3,-1)",bond,66,2.028335,-1.172942,-0.015446,65    2.028335   -1.172942   -0.015446      2
pdi,calculations/pdi/multiwfn_analysis/qtaim/pdi_CPs.txt,66,"(3,-1)",bond,67,-4.045962,0.001557,-0.016091,66   -4.045962    0.001557   -0.016091      2
pdi,calculations/pdi/multiwfn_analysis/qtaim/pdi_CPs.txt,67,"(3,-1)",bond,68,6.06545,-1.169863,-0.020279,67    6.065450   -1.169863   -0.020279      2
pdi,calculations/pdi/multiwfn_analysis/qtaim/pdi_CPs.txt,68,"(3,-1)",bond,69,9.933481,-1.479429,-0.021594,68    9.933481   -1.479429   -0.021594      2
pdi,calculations/pdi/multiwfn_analysis/qtaim/pdi_CPs.txt,69,"(3,1)",ring,70,-0.00469,-0.001611,-0.010832,69   -0.004690   -0.001611   -0.010832      3
pdi,calculations/pdi/multiwfn_analysis/qtaim/pdi_CPs.txt,70,"(3,-1)",bond,71,-9.942846,1.476288,0.005526,70   -9.942846    1.476288    0.005526      2
pdi,calculations/pdi/multiwfn_analysis/qtaim/pdi_CPs.txt,71,"(3,-1)",bond,72,-6.074811,1.166673,0.002644,71   -6.074811    1.166673    0.002644      2
pdi,calculations/pdi/multiwfn_analysis/qtaim/pdi_CPs.txt,72,"(3,-1)",bond,73,4.036583,-0.004718,-0.005571,72    4.036583   -0.004718   -0.005571      2
pdi,calculations/pdi/multiwfn_analysis/qtaim/pdi_CPs.txt,73,"(3,-1)",bond,74,-2.037702,1.169751,-0.004207,73   -2.037702    1.169751   -0.004207      2
pdi,calculations/pdi/multiwfn_analysis/qtaim/pdi_CPs.txt,74,"(3,1)",ring,75,8.1152,-0.00777,-0.012506,74    8.115200   -0.007770   -0.012506      3
pdi,calculations/pdi/multiwfn_analysis/qtaim/pdi_CPs.txt,75,"(3,-1)",bond,76,-8.085804,2.327049,0.013587,75   -8.085804    2.327049    0.013587      2
pdi,calculations/pdi/multiwfn_analysis/qtaim/pdi_CPs.txt,76,"(3,-1)",bond,77,2.030125,1.166598,0.00023,76    2.030125    1.166598    0.000230      2
pdi,calculations/pdi/multiwfn_analysis/qtaim/pdi_CPs.txt,77,"(3,-1)",bond,78,12.104101,-0.010802,-0.012666,77   12.104101   -0.010802   -0.012666      2
pdi,calculations/pdi/multiwfn_analysis/qtaim/pdi_CPs.txt,78,"(3,1)",ring,79,-4.058775,2.279919,0.014002,78   -4.058775    2.279919    0.014002      3
pdi,calculations/pdi/multiwfn_analysis/qtaim/pdi_CPs.txt,79,"(3,-1)",bond,80,-9.949777,3.011185,0.020572,79   -9.949777    3.011185    0.020572      2
pdi,calculations/pdi/multiwfn_analysis/qtaim/pdi_CPs.txt,80,"(3,-1)",bond,81,6.067217,1.157433,-0.006551,80    6.067217    1.157433   -0.006551      2
pdi,calculations/pdi/multiwfn_analysis/qtaim/pdi_CPs.txt,81,"(3,-1)",bond,82,-0.002885,2.348693,0.006929,81   -0.002885    2.348693    0.006929      2
pdi,calculations/pdi/multiwfn_analysis/qtaim/pdi_CPs.txt,82,"(3,-1)",bond,83,9.935719,1.46113,-0.00433,82    9.935719    1.461130   -0.004330      2
pdi,calculations/pdi/multiwfn_analysis/qtaim/pdi_CPs.txt,83,"(3,-1)",bond,84,-6.067922,3.457526,0.027287,83   -6.067922    3.457526    0.027287      2
pdi,calculations/pdi/multiwfn_analysis/qtaim/pdi_CPs.txt,84,"(3,1)",ring,85,4.052894,2.273819,-0.000932,84    4.052894    2.273819   -0.000932      3
pdi,calculations/pdi/multiwfn_analysis/qtaim/pdi_CPs.txt,85,"(3,-1)",bond,86,-2.089179,3.485056,0.02979,85   -2.089179    3.485056    0.029790      2
pdi,calculations/pdi/multiwfn_analysis/qtaim/pdi_CPs.txt,86,"(3,-1)",bond,87,8.079996,2.314755,0.000524,86    8.079996    2.314755    0.000524      2
pdi,calculations/pdi/multiwfn_analysis/qtaim/pdi_CPs.txt,87,"(3,-1)",bond,88,2.085154,3.482072,0.001402,87    2.085154    3.482072    0.001402      2
pdi,calculations/pdi/multiwfn_analysis/qtaim/pdi_CPs.txt,88,"(3,-1)",bond,89,-4.093422,4.57401,0.042211,88   -4.093422    4.574010    0.042211      2
pdi,calculations/pdi/multiwfn_analysis/qtaim/pdi_CPs.txt,89,"(3,-1)",bond,90,6.063851,3.448409,0.0038,89    6.063851    3.448409    0.003800      2
pdi,calculations/pdi/multiwfn_analysis/qtaim/pdi_CPs.txt,90,"(3,-1)",bond,91,9.945014,2.996053,0.004712,90    9.945014    2.996053    0.004712      2
pdi,calculations/pdi/multiwfn_analysis/qtaim/pdi_CPs.txt,91,"(3,-1)",bond,92,-6.098189,5.725725,0.055149,91   -6.098189    5.725725    0.055149      2
pdi,calculations/pdi/multiwfn_analysis/qtaim/pdi_CPs.txt,92,"(3,-1)",bond,93,4.091068,4.568021,0.005754,92    4.091068    4.568021    0.005754      2
pdi,calculations/pdi/multiwfn_analysis/qtaim/pdi_CPs.txt,93,"(3,1)",ring,94,-0.000708,5.17679,0.028535,93   -0.000708    5.176790    0.028535      3
pdi,calculations/pdi/multiwfn_analysis/qtaim/pdi_CPs.txt,94,"(3,-1)",bond,95,-2.170872,5.748163,0.061095,94   -2.170872    5.748163    0.061095      2
pdi,calculations/pdi/multiwfn_analysis/qtaim/pdi_CPs.txt,95,"(3,-1)",bond,96,-0.000126,5.930743,0.034286,95   -0.000126    5.930743    0.034286      2
pdi,calculations/pdi/multiwfn_analysis/qtaim/pdi_CPs.txt,96,"(3,-1)",bond,97,2.170335,5.745276,0.00467,96    2.170335    5.745276    0.004670      2
pdi,calculations/pdi/multiwfn_analysis/qtaim/pdi_CPs.txt,97,"(3,-1)",bond,98,6.097615,5.716721,0.010765,97    6.097615    5.716721    0.010765      2
pdi_terminal_functionalized,calculations/pdi_terminal_functionalized/multiwfn_analysis/qtaim/pdi_terminal_functionalized_CPs.txt,1,"(3,-1)",bond,2,-6.093536,-5.758696,-0.378142,1   -6.093536   -5.758696   -0.378142      2
pdi_terminal_functionalized,calculations/pdi_terminal_functionalized/multiwfn_analysis/qtaim/pdi_terminal_functionalized_CPs.txt,2,"(3,-1)",bond,3,-2.166442,-5.779223,-0.387996,2   -2.166442   -5.779223   -0.387996      2
pdi_terminal_functionalized,calculations/pdi_terminal_functionalized/multiwfn_analysis/qtaim/pdi_terminal_functionalized_CPs.txt,3,"(3,-1)",bond,4,0.01977,-5.948448,-0.381293,3    0.019770   -5.948448   -0.381293      2
pdi_terminal_functionalized,calculations/pdi_terminal_functionalized/multiwfn_analysis/qtaim/pdi_terminal_functionalized_CPs.txt,4,"(3,-1)",bond,5,2.204264,-5.758558,-0.373216,4    2.204264   -5.758558   -0.373216      2
pdi_terminal_functionalized,calculations/pdi_terminal_functionalized/multiwfn_analysis/qtaim/pdi_terminal_functionalized_CPs.txt,5,"(3,1)",ring,6,0.016293,-5.223202,-0.378546,5    0.016293   -5.223202   -0.378546      3
pdi_terminal_functionalized,calculations/pdi_terminal_functionalized/multiwfn_analysis/qtaim/pdi_terminal_functionalized_CPs.txt,6,"(3,-1)",bond,7,-12.795596,-3.336834,0.907866,6  -12.795596   -3.336834    0.907866      2
pdi_terminal_functionalized,calculations/pdi_terminal_functionalized/multiwfn_analysis/qtaim/pdi_terminal_functionalized_CPs.txt,7,"(3,-1)",bond,8,-4.091281,-4.605496,-0.373784,7   -4.091281   -4.605496   -0.373784      2
pdi_terminal_functionalized,calculations/pdi_terminal_functionalized/multiwfn_analysis/qtaim/pdi_terminal_functionalized_CPs.txt,8,"(3,-1)",bond,9,6.13004,-5.701648,-0.383004,8    6.130040   -5.701648   -0.383004      2
pdi_terminal_functionalized,calculations/pdi_terminal_functionalized/multiwfn_analysis/qtaim/pdi_terminal_functionalized_CPs.txt,9,"(3,-1)",bond,10,-14.52703,-2.557602,2.084126,9  -14.527030   -2.557602    2.084126      2
pdi_terminal_functionalized,calculations/pdi_terminal_functionalized/multiwfn_analysis/qtaim/pdi_terminal_functionalized_CPs.txt,10,"(3,1)",ring,11,-12.66744,-2.786266,0.617773,10  -12.667440   -2.786266    0.617773      3
pdi_terminal_functionalized,calculations/pdi_terminal_functionalized/multiwfn_analysis/qtaim/pdi_terminal_functionalized_CPs.txt,11,"(3,-1)",bond,12,-12.804717,-3.3127,-1.565356,11  -12.804717   -3.312700   -1.565356      2
pdi_terminal_functionalized,calculations/pdi_terminal_functionalized/multiwfn_analysis/qtaim/pdi_terminal_functionalized_CPs.txt,12,"(3,-1)",bond,13,-9.922135,-3.068568,-0.337569,12   -9.922135   -3.068568   -0.337569      2
pdi_terminal_functionalized,calculations/pdi_terminal_functionalized/multiwfn_analysis/qtaim/pdi_terminal_functionalized_CPs.txt,13,"(3,-1)",bond,14,-6.067905,-3.489539,-0.357787,13   -6.067905   -3.489539   -0.357787      2
pdi_terminal_functionalized,calculations/pdi_terminal_functionalized/multiwfn_analysis/qtaim/pdi_terminal_functionalized_CPs.txt,14,"(3,-1)",bond,15,4.117523,-4.566576,-0.378547,14    4.117523   -4.566576   -0.378547      2
pdi_terminal_functionalized,calculations/pdi_terminal_functionalized/multiwfn_analysis/qtaim/pdi_terminal_functionalized_CPs.txt,15,"(3,1)",ring,16,-12.675532,-2.77326,-1.270389,15  -12.675532   -2.773260   -1.270389      3
pdi_terminal_functionalized,calculations/pdi_terminal_functionalized/multiwfn_analysis/qtaim/pdi_terminal_functionalized_CPs.txt,16,"(3,-1)",bond,17,-14.16912,-0.624774,5.583308,16  -14.169120   -0.624774    5.583308      2
pdi_terminal_functionalized,calculations/pdi_terminal_functionalized/multiwfn_analysis/qtaim/pdi_terminal_functionalized_CPs.txt,17,"(3,-1)",bond,18,-2.083566,-3.516761,-0.368585,17   -2.083566   -3.516761   -0.368585      2
pdi_terminal_functionalized,calculations/pdi_terminal_functionalized/multiwfn_analysis/qtaim/pdi_terminal_functionalized_CPs.txt,18,"(3,-1)",bond,19,-14.545764,-2.516604,-2.717738,18  -14.545764   -2.516604   -2.717738      2
pdi_terminal_functionalized,calculations/pdi_terminal_functionalized/multiwfn_analysis/qtaim/pdi_terminal_functionalized_CPs.txt,19,"(3,-1)",bond,20,-15.972713,-0.999746,2.082369,19  -15.972713   -0.999746    2.082369      2
pdi_terminal_functionalized,calculations/pdi_terminal_functionalized/multiwfn_analysis/qtaim/pdi_terminal_functionalized_CPs.txt,20,"(3,-1)",bond,21,-14.111403,-0.689423,3.315517,20  -14.111403   -0.689423    3.315517      2
pdi_terminal_functionalized,calculations/pdi_terminal_functionalized/multiwfn_analysis/qtaim/pdi_terminal_functionalized_CPs.txt,21,"(3,-1)",bond,22,-8.089878,-2.354259,-0.33947,21   -8.089878   -2.354259   -0.339470      2
pdi_terminal_functionalized,calculations/pdi_terminal_functionalized/multiwfn_analysis/qtaim/pdi_terminal_functionalized_CPs.txt,22,"(3,-1)",bond,23,-12.282961,-0.456763,4.63833,22  -12.282961   -0.456763    4.638330      2
pdi_terminal_functionalized,calculations/pdi_terminal_functionalized/multiwfn_analysis/qtaim/pdi_terminal_functionalized_CPs.txt,23,"(3,-1)",bond,24,2.099763,-3.497073,-0.375631,23    2.099763   -3.497073   -0.375631      2
pdi_terminal_functionalized,calculations/pdi_terminal_functionalized/multiwfn_analysis/qtaim/pdi_terminal_functionalized_CPs.txt,24,"(3,1)",ring,25,-4.052641,-2.316865,-0.356406,24   -4.052641   -2.316865   -0.356406      3
pdi_terminal_functionalized,calculations/pdi_terminal_functionalized/multiwfn_analysis/qtaim/pdi_terminal_functionalized_CPs.txt,25,"(3,-1)",bond,26,6.084366,-3.43246,-0.386363,25    6.084366   -3.432460   -0.386363      2
pdi_terminal_functionalized,calculations/pdi_terminal_functionalized/multiwfn_analysis/qtaim/pdi_terminal_functionalized_CPs.txt,26,"(3,-1)",bond,27,-14.13339,-0.679006,0.943636,26  -14.133390   -0.679006    0.943636      2
pdi_terminal_functionalized,calculations/pdi_terminal_functionalized/multiwfn_analysis/qtaim/pdi_terminal_functionalized_CPs.txt,27,"(3,-1)",bond,28,-9.992042,-1.509695,-0.323689,27   -9.992042   -1.509695   -0.323689      2
pdi_terminal_functionalized,calculations/pdi_terminal_functionalized/multiwfn_analysis/qtaim/pdi_terminal_functionalized_CPs.txt,28,"(3,-1)",bond,29,0.002495,-2.376915,-0.367933,28    0.002495   -2.376915   -0.367933      2
pdi_terminal_functionalized,calculations/pdi_terminal_functionalized/multiwfn_analysis/qtaim/pdi_terminal_functionalized_CPs.txt,29,"(3,-1)",bond,30,-15.986592,-0.954614,-2.683421,29  -15.986592   -0.954614   -2.683421      2
pdi_terminal_functionalized,calculations/pdi_terminal_functionalized/multiwfn_analysis/qtaim/pdi_terminal_functionalized_CPs.txt,30,"(3,-1)",bond,31,-14.140904,-0.657619,-1.54873,30  -14.140904   -0.657619   -1.548730      2
pdi_terminal_functionalized,calculations/pdi_terminal_functionalized/multiwfn_analysis/qtaim/pdi_terminal_functionalized_CPs.txt,31,"(3,-1)",bond,32,-6.06798,-1.205807,-0.336833,31   -6.067980   -1.205807   -0.336833      2
pdi_terminal_functionalized,calculations/pdi_terminal_functionalized/multiwfn_analysis/qtaim/pdi_terminal_functionalized_CPs.txt,32,"(3,1)",ring,33,4.058025,-2.278862,-0.379061,32    4.058025   -2.278862   -0.379061      3
pdi_terminal_functionalized,calculations/pdi_terminal_functionalized/multiwfn_analysis/qtaim/pdi_terminal_functionalized_CPs.txt,33,"(3,-1)",bond,34,9.932071,-2.978432,-0.403649,33    9.932071   -2.978432   -0.403649      2
pdi_terminal_functionalized,calculations/pdi_terminal_functionalized/multiwfn_analysis/qtaim/pdi_terminal_functionalized_CPs.txt,34,"(3,-1)",bond,35,-13.654535,1.162703,4.546639,34  -13.654535    1.162703    4.546639      2
pdi_terminal_functionalized,calculations/pdi_terminal_functionalized/multiwfn_analysis/qtaim/pdi_terminal_functionalized_CPs.txt,35,"(3,-1)",bond,36,-12.527617,-0.08254,-0.302432,35  -12.527617   -0.082540   -0.302432      2
pdi_terminal_functionalized,calculations/pdi_terminal_functionalized/multiwfn_analysis/qtaim/pdi_terminal_functionalized_CPs.txt,36,"(3,-1)",bond,37,-2.032018,-1.203703,-0.359842,36   -2.032018   -1.203703   -0.359842      2
pdi_terminal_functionalized,calculations/pdi_terminal_functionalized/multiwfn_analysis/qtaim/pdi_terminal_functionalized_CPs.txt,37,"(3,-1)",bond,38,-14.130395,-0.629866,-3.920415,37  -14.130395   -0.629866   -3.920415      2
pdi_terminal_functionalized,calculations/pdi_terminal_functionalized/multiwfn_analysis/qtaim/pdi_terminal_functionalized_CPs.txt,38,"(3,-1)",bond,39,8.092684,-2.278601,-0.397068,38    8.092684   -2.278601   -0.397068      2
pdi_terminal_functionalized,calculations/pdi_terminal_functionalized/multiwfn_analysis/qtaim/pdi_terminal_functionalized_CPs.txt,39,"(3,-1)",bond,40,12.48883,-2.652991,-0.420852,39   12.488830   -2.652991   -0.420852      2
pdi_terminal_functionalized,calculations/pdi_terminal_functionalized/multiwfn_analysis/qtaim/pdi_terminal_functionalized_CPs.txt,40,"(3,1)",ring,41,-8.161281,-0.06168,-0.318244,40   -8.161281   -0.061680   -0.318244      3
pdi_terminal_functionalized,calculations/pdi_terminal_functionalized/multiwfn_analysis/qtaim/pdi_terminal_functionalized_CPs.txt,41,"(3,-1)",bond,42,2.026354,-1.184562,-0.366902,41    2.026354   -1.184562   -0.366902      2
pdi_terminal_functionalized,calculations/pdi_terminal_functionalized/multiwfn_analysis/qtaim/pdi_terminal_functionalized_CPs.txt,42,"(3,-1)",bond,43,13.675945,-1.256346,4.399676,42   13.675945   -1.256346    4.399676      2
pdi_terminal_functionalized,calculations/pdi_terminal_functionalized/multiwfn_analysis/qtaim/pdi_terminal_functionalized_CPs.txt,43,"(3,1)",ring,44,12.246081,-2.36338,-0.420096,43   12.246081   -2.363380   -0.420096      3
pdi_terminal_functionalized,calculations/pdi_terminal_functionalized/multiwfn_analysis/qtaim/pdi_terminal_functionalized_CPs.txt,44,"(3,-1)",bond,45,-14.202245,-0.523745,-6.186459,44  -14.202245   -0.523745   -6.186459      2
pdi_terminal_functionalized,calculations/pdi_terminal_functionalized/multiwfn_analysis/qtaim/pdi_terminal_functionalized_CPs.txt,45,"(3,-1)",bond,46,-4.041026,-0.042316,-0.343887,45   -4.041026   -0.042316   -0.343887      2
pdi_terminal_functionalized,calculations/pdi_terminal_functionalized/multiwfn_analysis/qtaim/pdi_terminal_functionalized_CPs.txt,46,"(3,-1)",bond,47,-12.308909,-0.385016,-5.250821,46  -12.308909   -0.385016   -5.250821      2
pdi_terminal_functionalized,calculations/pdi_terminal_functionalized/multiwfn_analysis/qtaim/pdi_terminal_functionalized_CPs.txt,47,"(3,-1)",bond,48,6.062859,-1.148563,-0.390527,47    6.062859   -1.148563   -0.390527      2
pdi_terminal_functionalized,calculations/pdi_terminal_functionalized/multiwfn_analysis/qtaim/pdi_terminal_functionalized_CPs.txt,48,"(3,-1)",bond,49,-13.894412,1.247502,-0.286955,48  -13.894412    1.247502   -0.286955      2
pdi_terminal_functionalized,calculations/pdi_terminal_functionalized/multiwfn_analysis/qtaim/pdi_terminal_functionalized_CPs.txt,49,"(3,-1)",bond,50,9.995953,-1.400793,-0.409948,49    9.995953   -1.400793   -0.409948      2
pdi_terminal_functionalized,calculations/pdi_terminal_functionalized/multiwfn_analysis/qtaim/pdi_terminal_functionalized_CPs.txt,50,"(3,1)",ring,51,-0.00829,-0.023697,-0.359264,50   -0.008290   -0.023697   -0.359264      3
pdi_terminal_functionalized,calculations/pdi_terminal_functionalized/multiwfn_analysis/qtaim/pdi_terminal_functionalized_CPs.txt,51,"(3,-1)",bond,52,-10.012395,1.353777,-0.295503,51  -10.012395    1.353777   -0.295503      2
pdi_terminal_functionalized,calculations/pdi_terminal_functionalized/multiwfn_analysis/qtaim/pdi_terminal_functionalized_CPs.txt,52,"(3,-1)",bond,53,13.877936,-1.294201,-0.434557,52   13.877936   -1.294201   -0.434557      2
pdi_terminal_functionalized,calculations/pdi_terminal_functionalized/multiwfn_analysis/qtaim/pdi_terminal_functionalized_CPs.txt,53,"(3,-1)",bond,54,-6.079311,1.101359,-0.315556,53   -6.079311    1.101359   -0.315556      2
pdi_terminal_functionalized,calculations/pdi_terminal_functionalized/multiwfn_analysis/qtaim/pdi_terminal_functionalized_CPs.txt,54,"(3,-1)",bond,55,4.024458,-0.004898,-0.374346,54    4.024458   -0.004898   -0.374346      2
pdi_terminal_functionalized,calculations/pdi_terminal_functionalized/multiwfn_analysis/qtaim/pdi_terminal_functionalized_CPs.txt,55,"(3,-1)",bond,56,12.304421,0.361394,4.518711,55   12.304421    0.361394    4.518711      2
pdi_terminal_functionalized,calculations/pdi_terminal_functionalized/multiwfn_analysis/qtaim/pdi_terminal_functionalized_CPs.txt,56,"(3,-1)",bond,57,14.197966,0.520884,5.450321,56   14.197966    0.520884    5.450321      2
pdi_terminal_functionalized,calculations/pdi_terminal_functionalized/multiwfn_analysis/qtaim/pdi_terminal_functionalized_CPs.txt,57,"(3,1)",ring,58,-12.262404,2.31646,-0.278587,57  -12.262404    2.316460   -0.278587      3
pdi_terminal_functionalized,calculations/pdi_terminal_functionalized/multiwfn_analysis/qtaim/pdi_terminal_functionalized_CPs.txt,58,"(3,-1)",bond,59,-2.042859,1.137264,-0.344878,58   -2.042859    1.137264   -0.344878      2
pdi_terminal_functionalized,calculations/pdi_terminal_functionalized/multiwfn_analysis/qtaim/pdi_terminal_functionalized_CPs.txt,59,"(3,-1)",bond,60,-13.669515,1.241096,-5.120912,59  -13.669515    1.241096   -5.120912      2
pdi_terminal_functionalized,calculations/pdi_terminal_functionalized/multiwfn_analysis/qtaim/pdi_terminal_functionalized_CPs.txt,60,"(3,1)",ring,61,8.144693,0.014647,-0.402819,60    8.144693    0.014647   -0.402819      3
pdi_terminal_functionalized,calculations/pdi_terminal_functionalized/multiwfn_analysis/qtaim/pdi_terminal_functionalized_CPs.txt,61,"(3,-1)",bond,62,-12.505129,2.606089,-0.274863,61  -12.505129    2.606089   -0.274863      2
pdi_terminal_functionalized,calculations/pdi_terminal_functionalized/multiwfn_analysis/qtaim/pdi_terminal_functionalized_CPs.txt,62,"(3,-1)",bond,63,-8.109011,2.231464,-0.295555,62   -8.109011    2.231464   -0.295555      2
pdi_terminal_functionalized,calculations/pdi_terminal_functionalized/multiwfn_analysis/qtaim/pdi_terminal_functionalized_CPs.txt,63,"(3,-1)",bond,64,14.12211,0.608328,3.183787,63   14.122110    0.608328    3.183787      2
pdi_terminal_functionalized,calculations/pdi_terminal_functionalized/multiwfn_analysis/qtaim/pdi_terminal_functionalized_CPs.txt,64,"(3,-1)",bond,65,2.015378,1.156442,-0.364911,64    2.015378    1.156442   -0.364911      2
pdi_terminal_functionalized,calculations/pdi_terminal_functionalized/multiwfn_analysis/qtaim/pdi_terminal_functionalized_CPs.txt,65,"(3,-1)",bond,66,12.510987,0.035775,-0.427434,65   12.510987    0.035775   -0.427434      2
pdi_terminal_functionalized,calculations/pdi_terminal_functionalized/multiwfn_analysis/qtaim/pdi_terminal_functionalized_CPs.txt,66,"(3,-1)",bond,67,13.615252,-1.240785,-5.26802,66   13.615252   -1.240785   -5.268020      2
pdi_terminal_functionalized,calculations/pdi_terminal_functionalized/multiwfn_analysis/qtaim/pdi_terminal_functionalized_CPs.txt,67,"(3,-1)",bond,68,-9.94832,2.931328,-0.278198,67   -9.948320    2.931328   -0.278198      2
pdi_terminal_functionalized,calculations/pdi_terminal_functionalized/multiwfn_analysis/qtaim/pdi_terminal_functionalized_CPs.txt,68,"(3,1)",ring,69,-4.074383,2.231536,-0.316546,68   -4.074383    2.231536   -0.316546      3
pdi_terminal_functionalized,calculations/pdi_terminal_functionalized/multiwfn_analysis/qtaim/pdi_terminal_functionalized_CPs.txt,69,"(3,-1)",bond,70,6.051266,1.158689,-0.395107,69    6.051266    1.158689   -0.395107      2
pdi_terminal_functionalized,calculations/pdi_terminal_functionalized/multiwfn_analysis/qtaim/pdi_terminal_functionalized_CPs.txt,70,"(3,-1)",bond,71,14.125742,0.620898,0.811788,70   14.125742    0.620898    0.811788      2
pdi_terminal_functionalized,calculations/pdi_terminal_functionalized/multiwfn_analysis/qtaim/pdi_terminal_functionalized_CPs.txt,71,"(3,-1)",bond,72,15.973552,0.932862,1.939312,71   15.973552    0.932862    1.939312      2
pdi_terminal_functionalized,calculations/pdi_terminal_functionalized/multiwfn_analysis/qtaim/pdi_terminal_functionalized_CPs.txt,72,"(3,-1)",bond,73,-0.019065,2.329535,-0.350882,72   -0.019065    2.329535   -0.350882      2
pdi_terminal_functionalized,calculations/pdi_terminal_functionalized/multiwfn_analysis/qtaim/pdi_terminal_functionalized_CPs.txt,73,"(3,-1)",bond,74,-6.100576,3.385158,-0.292637,73   -6.100576    3.385158   -0.292637      2
pdi_terminal_functionalized,calculations/pdi_terminal_functionalized/multiwfn_analysis/qtaim/pdi_terminal_functionalized_CPs.txt,74,"(3,-1)",bond,75,14.11515,0.622542,-1.680632,74   14.115150    0.622542   -1.680632      2
pdi_terminal_functionalized,calculations/pdi_terminal_functionalized/multiwfn_analysis/qtaim/pdi_terminal_functionalized_CPs.txt,75,"(3,-1)",bond,76,9.975286,1.462808,-0.41742,75    9.975286    1.462808   -0.417420      2
pdi_terminal_functionalized,calculations/pdi_terminal_functionalized/multiwfn_analysis/qtaim/pdi_terminal_functionalized_CPs.txt,76,"(3,1)",ring,77,4.035852,2.269701,-0.385734,76    4.035852    2.269701   -0.385734      3
pdi_terminal_functionalized,calculations/pdi_terminal_functionalized/multiwfn_analysis/qtaim/pdi_terminal_functionalized_CPs.txt,77,"(3,-1)",bond,78,-2.116055,3.449618,-0.313675,77   -2.116055    3.449618   -0.313675      2
pdi_terminal_functionalized,calculations/pdi_terminal_functionalized/multiwfn_analysis/qtaim/pdi_terminal_functionalized_CPs.txt,78,"(3,-1)",bond,79,12.254309,0.386994,-5.370705,78   12.254309    0.386994   -5.370705      2
pdi_terminal_functionalized,calculations/pdi_terminal_functionalized/multiwfn_analysis/qtaim/pdi_terminal_functionalized_CPs.txt,79,"(3,-1)",bond,80,8.073034,2.307307,-0.407859,79    8.073034    2.307307   -0.407859      2
pdi_terminal_functionalized,calculations/pdi_terminal_functionalized/multiwfn_analysis/qtaim/pdi_terminal_functionalized_CPs.txt,80,"(3,-1)",bond,81,14.086379,0.617841,-4.05228,80   14.086379    0.617841   -4.052280      2
pdi_terminal_functionalized,calculations/pdi_terminal_functionalized/multiwfn_analysis/qtaim/pdi_terminal_functionalized_CPs.txt,81,"(3,-1)",bond,82,15.952259,0.928798,-2.826574,81   15.952259    0.928798   -2.826574      2
pdi_terminal_functionalized,calculations/pdi_terminal_functionalized/multiwfn_analysis/qtaim/pdi_terminal_functionalized_CPs.txt,82,"(3,-1)",bond,83,14.526163,2.488815,1.967375,82   14.526163    2.488815    1.967375      2
pdi_terminal_functionalized,calculations/pdi_terminal_functionalized/multiwfn_analysis/qtaim/pdi_terminal_functionalized_CPs.txt,83,"(3,-1)",bond,84,2.0667,3.469505,-0.379846,83    2.066700    3.469505   -0.379846      2
pdi_terminal_functionalized,calculations/pdi_terminal_functionalized/multiwfn_analysis/qtaim/pdi_terminal_functionalized_CPs.txt,84,"(3,-1)",bond,85,14.140308,0.534514,-6.319722,84   14.140308    0.534514   -6.319722      2
pdi_terminal_functionalized,calculations/pdi_terminal_functionalized/multiwfn_analysis/qtaim/pdi_terminal_functionalized_CPs.txt,85,"(3,1)",ring,86,12.658517,2.736225,0.515258,85   12.658517    2.736225    0.515258      3
pdi_terminal_functionalized,calculations/pdi_terminal_functionalized/multiwfn_analysis/qtaim/pdi_terminal_functionalized_CPs.txt,86,"(3,-1)",bond,87,-4.133642,4.519124,-0.289717,86   -4.133642    4.519124   -0.289717      2
pdi_terminal_functionalized,calculations/pdi_terminal_functionalized/multiwfn_analysis/qtaim/pdi_terminal_functionalized_CPs.txt,87,"(3,-1)",bond,88,6.050963,3.442516,-0.401566,87    6.050963    3.442516   -0.401566      2
pdi_terminal_functionalized,calculations/pdi_terminal_functionalized/multiwfn_analysis/qtaim/pdi_terminal_functionalized_CPs.txt,88,"(3,-1)",bond,89,9.905205,3.021742,-0.420779,88    9.905205    3.021742   -0.420779      2
pdi_terminal_functionalized,calculations/pdi_terminal_functionalized/multiwfn_analysis/qtaim/pdi_terminal_functionalized_CPs.txt,89,"(3,-1)",bond,90,12.786004,3.276637,0.804863,89   12.786004    3.276637    0.804863      2
pdi_terminal_functionalized,calculations/pdi_terminal_functionalized/multiwfn_analysis/qtaim/pdi_terminal_functionalized_CPs.txt,90,"(3,1)",ring,91,12.650375,2.729673,-1.372775,90   12.650375    2.729673   -1.372775      3
pdi_terminal_functionalized,calculations/pdi_terminal_functionalized/multiwfn_analysis/qtaim/pdi_terminal_functionalized_CPs.txt,91,"(3,-1)",bond,92,14.512695,2.492437,-2.834577,91   14.512695    2.492437   -2.834577      2
pdi_terminal_functionalized,calculations/pdi_terminal_functionalized/multiwfn_analysis/qtaim/pdi_terminal_functionalized_CPs.txt,92,"(3,-1)",bond,93,-6.146025,5.654187,-0.265506,92   -6.146025    5.654187   -0.265506      2
pdi_terminal_functionalized,calculations/pdi_terminal_functionalized/multiwfn_analysis/qtaim/pdi_terminal_functionalized_CPs.txt,93,"(3,-1)",bond,94,4.074226,4.558404,-0.396103,93    4.074226    4.558404   -0.396103      2
pdi_terminal_functionalized,calculations/pdi_terminal_functionalized/multiwfn_analysis/qtaim/pdi_terminal_functionalized_CPs.txt,94,"(3,-1)",bond,95,12.780291,3.279874,-1.668569,94   12.780291    3.279874   -1.668569      2
pdi_terminal_functionalized,calculations/pdi_terminal_functionalized/multiwfn_analysis/qtaim/pdi_terminal_functionalized_CPs.txt,95,"(3,1)",ring,96,-0.032868,5.176075,-0.340541,95   -0.032868    5.176075   -0.340541      3
pdi_terminal_functionalized,calculations/pdi_terminal_functionalized/multiwfn_analysis/qtaim/pdi_terminal_functionalized_CPs.txt,96,"(3,-1)",bond,97,-2.220176,5.71087,-0.283436,96   -2.220176    5.710870   -0.283436      2
pdi_terminal_functionalized,calculations/pdi_terminal_functionalized/multiwfn_analysis/qtaim/pdi_terminal_functionalized_CPs.txt,97,"(3,-1)",bond,98,-0.036339,5.900573,-0.337937,97   -0.036339    5.900573   -0.337937      2
pdi_terminal_functionalized,calculations/pdi_terminal_functionalized/multiwfn_analysis/qtaim/pdi_terminal_functionalized_CPs.txt,98,"(3,-1)",bond,99,2.1492,5.731978,-0.393715,98    2.149200    5.731978   -0.393715      2
pdi_terminal_functionalized,calculations/pdi_terminal_functionalized/multiwfn_analysis/qtaim/pdi_terminal_functionalized_CPs.txt,99,"(3,-1)",bond,100,6.076368,5.711742,-0.412327,99    6.076368    5.711742   -0.412327      2
pdi_terminal_functionalized,calculations/pdi_terminal_functionalized/multiwfn_analysis/qtaim/pdi_terminal_functionalized_CPs.txt,100,"(3,-3)",nuclear,101,-6.450391,-6.340143,-0.382515,100   -6.450391   -6.340143   -0.382515      1
pdi_terminal_functionalized,calculations/pdi_terminal_functionalized/multiwfn_analysis/qtaim/pdi_terminal_functionalized_CPs.txt,101,"(3,-3)",nuclear,102,-1.84357,-6.404171,-0.393394,101   -1.843570   -6.404171   -0.393394      1
pdi_terminal_functionalized,calculations/pdi_terminal_functionalized/multiwfn_analysis/qtaim/pdi_terminal_functionalized_CPs.txt,102,"(3,-3)",nuclear,103,1.887418,-6.386611,-0.372591,102    1.887418   -6.386611   -0.372591      1
pdi_terminal_functionalized,calculations/pdi_terminal_functionalized/multiwfn_analysis/qtaim/pdi_terminal_functionalized_CPs.txt,103,"(3,-3)",nuclear,104,-10.685024,-4.398894,-0.345831,103  -10.685024   -4.398894   -0.345831      1
pdi_terminal_functionalized,calculations/pdi_terminal_functionalized/multiwfn_analysis/qtaim/pdi_terminal_functionalized_CPs.txt,104,"(3,-3)",nuclear,105,-14.447475,-3.269379,2.066625,104  -14.447475   -3.269379    2.066625      1
pdi_terminal_functionalized,calculations/pdi_terminal_functionalized/multiwfn_analysis/qtaim/pdi_terminal_functionalized_CPs.txt,105,"(3,-3)",nuclear,106,6.491856,-6.279771,-0.383005,105    6.491856   -6.279771   -0.383005      1
pdi_terminal_functionalized,calculations/pdi_terminal_functionalized/multiwfn_analysis/qtaim/pdi_terminal_functionalized_CPs.txt,106,"(3,-3)",nuclear,107,-5.409222,-4.60803,-0.369444,106   -5.409222   -4.608030   -0.369444      1
pdi_terminal_functionalized,calculations/pdi_terminal_functionalized/multiwfn_analysis/qtaim/pdi_terminal_functionalized_CPs.txt,107,"(3,-3)",nuclear,108,-2.778573,-4.615496,-0.377983,107   -2.778573   -4.615496   -0.377983      1
pdi_terminal_functionalized,calculations/pdi_terminal_functionalized/multiwfn_analysis/qtaim/pdi_terminal_functionalized_CPs.txt,108,"(3,-3)",nuclear,109,-14.507217,-0.885527,6.174988,108  -14.507217   -0.885527    6.174988      1
pdi_terminal_functionalized,calculations/pdi_terminal_functionalized/multiwfn_analysis/qtaim/pdi_terminal_functionalized_CPs.txt,109,"(3,-3)",nuclear,110,-14.468303,-3.22883,-2.712335,109  -14.468303   -3.228830   -2.712335      1
pdi_terminal_functionalized,calculations/pdi_terminal_functionalized/multiwfn_analysis/qtaim/pdi_terminal_functionalized_CPs.txt,110,"(3,-3)",nuclear,111,2.805184,-4.588978,-0.374354,110    2.805184   -4.588978   -0.374354      1
pdi_terminal_functionalized,calculations/pdi_terminal_functionalized/multiwfn_analysis/qtaim/pdi_terminal_functionalized_CPs.txt,111,"(3,-3)",nuclear,112,5.43554,-4.557003,-0.383009,111    5.435540   -4.557003   -0.383009      1
pdi_terminal_functionalized,calculations/pdi_terminal_functionalized/multiwfn_analysis/qtaim/pdi_terminal_functionalized_CPs.txt,112,"(3,-3)",nuclear,113,-14.683296,-1.243893,2.112066,112  -14.683296   -1.243893    2.112066      1
pdi_terminal_functionalized,calculations/pdi_terminal_functionalized/multiwfn_analysis/qtaim/pdi_terminal_functionalized_CPs.txt,113,"(3,-3)",nuclear,114,-9.520203,-2.402334,-0.333466,113   -9.520203   -2.402334   -0.333466      1
pdi_terminal_functionalized,calculations/pdi_terminal_functionalized/multiwfn_analysis/qtaim/pdi_terminal_functionalized_CPs.txt,114,"(3,-3)",nuclear,115,-16.697348,-0.873871,2.068591,114  -16.697348   -0.873871    2.068591      1
pdi_terminal_functionalized,calculations/pdi_terminal_functionalized/multiwfn_analysis/qtaim/pdi_terminal_functionalized_CPs.txt,115,"(3,-3)",nuclear,116,-11.572833,-0.625579,4.708795,115  -11.572833   -0.625579    4.708795      1
pdi_terminal_functionalized,calculations/pdi_terminal_functionalized/multiwfn_analysis/qtaim/pdi_terminal_functionalized_CPs.txt,116,"(3,-3)",nuclear,117,-6.727103,-2.352302,-0.345808,116   -6.727103   -2.352302   -0.345808      1
pdi_terminal_functionalized,calculations/pdi_terminal_functionalized/multiwfn_analysis/qtaim/pdi_terminal_functionalized_CPs.txt,117,"(3,-3)",nuclear,118,-13.551958,-0.148073,4.529164,117  -13.551958   -0.148073    4.529164      1
pdi_terminal_functionalized,calculations/pdi_terminal_functionalized/multiwfn_analysis/qtaim/pdi_terminal_functionalized_CPs.txt,118,"(3,-3)",nuclear,119,10.701814,-4.304222,-0.402147,118   10.701814   -4.304222   -0.402147      1
pdi_terminal_functionalized,calculations/pdi_terminal_functionalized/multiwfn_analysis/qtaim/pdi_terminal_functionalized_CPs.txt,119,"(3,-3)",nuclear,120,-1.377827,-2.382336,-0.358885,119   -1.377827   -2.382336   -0.358885      1
pdi_terminal_functionalized,calculations/pdi_terminal_functionalized/multiwfn_analysis/qtaim/pdi_terminal_functionalized_CPs.txt,120,"(3,-3)",nuclear,121,-14.698104,-1.202181,-2.723376,120  -14.698104   -1.202181   -2.723376      1
pdi_terminal_functionalized,calculations/pdi_terminal_functionalized/multiwfn_analysis/qtaim/pdi_terminal_functionalized_CPs.txt,121,"(3,-3)",nuclear,122,1.383129,-2.369259,-0.376963,121    1.383129   -2.369259   -0.376963      1
pdi_terminal_functionalized,calculations/pdi_terminal_functionalized/multiwfn_analysis/qtaim/pdi_terminal_functionalized_CPs.txt,122,"(3,-3)",nuclear,123,-16.710742,-0.826749,-2.664064,122  -16.710742   -0.826749   -2.664064      1
pdi_terminal_functionalized,calculations/pdi_terminal_functionalized/multiwfn_analysis/qtaim/pdi_terminal_functionalized_CPs.txt,123,"(3,-3)",nuclear,124,-13.597328,-0.062384,-0.299016,123  -13.597328   -0.062384   -0.299016      1
pdi_terminal_functionalized,calculations/pdi_terminal_functionalized/multiwfn_analysis/qtaim/pdi_terminal_functionalized_CPs.txt,124,"(3,-3)",nuclear,125,13.728678,-1.983547,4.409667,124   13.728678   -1.983547    4.409667      1
pdi_terminal_functionalized,calculations/pdi_terminal_functionalized/multiwfn_analysis/qtaim/pdi_terminal_functionalized_CPs.txt,125,"(3,-3)",nuclear,126,6.733219,-2.288878,-0.389997,125    6.733219   -2.288878   -0.389997      1
pdi_terminal_functionalized,calculations/pdi_terminal_functionalized/multiwfn_analysis/qtaim/pdi_terminal_functionalized_CPs.txt,126,"(3,-3)",nuclear,127,-10.776779,-0.08131,-0.307905,126  -10.776779   -0.081310   -0.307905      1
pdi_terminal_functionalized,calculations/pdi_terminal_functionalized/multiwfn_analysis/qtaim/pdi_terminal_functionalized_CPs.txt,127,"(3,-3)",nuclear,128,9.52552,-2.31557,-0.40425,127    9.525520   -2.315570   -0.404250      1
pdi_terminal_functionalized,calculations/pdi_terminal_functionalized/multiwfn_analysis/qtaim/pdi_terminal_functionalized_CPs.txt,128,"(3,-3)",nuclear,129,-13.706806,1.889827,4.564474,128  -13.706806    1.889827    4.564474      1
pdi_terminal_functionalized,calculations/pdi_terminal_functionalized/multiwfn_analysis/qtaim/pdi_terminal_functionalized_CPs.txt,129,"(3,-3)",nuclear,130,-14.545861,-0.771423,-6.780552,129  -14.545861   -0.771423   -6.780552      1
pdi_terminal_functionalized,calculations/pdi_terminal_functionalized/multiwfn_analysis/qtaim/pdi_terminal_functionalized_CPs.txt,130,"(3,-3)",nuclear,131,-5.393218,-0.048759,-0.328037,130   -5.393218   -0.048759   -0.328037      1
pdi_terminal_functionalized,calculations/pdi_terminal_functionalized/multiwfn_analysis/qtaim/pdi_terminal_functionalized_CPs.txt,131,"(3,-3)",nuclear,132,-11.600399,-0.557011,-5.328922,131  -11.600399   -0.557011   -5.328922      1
pdi_terminal_functionalized,calculations/pdi_terminal_functionalized/multiwfn_analysis/qtaim/pdi_terminal_functionalized_CPs.txt,132,"(3,-3)",nuclear,133,-13.575171,-0.070374,-5.127851,132  -13.575171   -0.070374   -5.127851      1
pdi_terminal_functionalized,calculations/pdi_terminal_functionalized/multiwfn_analysis/qtaim/pdi_terminal_functionalized_CPs.txt,133,"(3,-3)",nuclear,134,-2.699127,-0.03611,-0.360001,133   -2.699127   -0.036110   -0.360001      1
pdi_terminal_functionalized,calculations/pdi_terminal_functionalized/multiwfn_analysis/qtaim/pdi_terminal_functionalized_CPs.txt,134,"(3,-3)",nuclear,135,14.034158,-1.972348,-0.435619,134   14.034158   -1.972348   -0.435619      1
pdi_terminal_functionalized,calculations/pdi_terminal_functionalized/multiwfn_analysis/qtaim/pdi_terminal_functionalized_CPs.txt,135,"(3,-3)",nuclear,136,-14.05055,1.92564,-0.280654,135  -14.050550    1.925640   -0.280654      1
pdi_terminal_functionalized,calculations/pdi_terminal_functionalized/multiwfn_analysis/qtaim/pdi_terminal_functionalized_CPs.txt,136,"(3,-3)",nuclear,137,2.682554,-0.011083,-0.357755,136    2.682554   -0.011083   -0.357755      1
pdi_terminal_functionalized,calculations/pdi_terminal_functionalized/multiwfn_analysis/qtaim/pdi_terminal_functionalized_CPs.txt,137,"(3,-3)",nuclear,138,13.572634,0.054507,4.396374,137   13.572634    0.054507    4.396374      1
pdi_terminal_functionalized,calculations/pdi_terminal_functionalized/multiwfn_analysis/qtaim/pdi_terminal_functionalized_CPs.txt,138,"(3,-3)",nuclear,139,11.594781,0.529106,4.59651,138   11.594781    0.529106    4.596510      1
pdi_terminal_functionalized,calculations/pdi_terminal_functionalized/multiwfn_analysis/qtaim/pdi_terminal_functionalized_CPs.txt,139,"(3,-3)",nuclear,140,5.376636,0.001541,-0.39074,139    5.376636    0.001541   -0.390740      1
pdi_terminal_functionalized,calculations/pdi_terminal_functionalized/multiwfn_analysis/qtaim/pdi_terminal_functionalized_CPs.txt,140,"(3,-3)",nuclear,141,14.540658,0.775828,6.041883,140   14.540658    0.775828    6.041883      1
pdi_terminal_functionalized,calculations/pdi_terminal_functionalized/multiwfn_analysis/qtaim/pdi_terminal_functionalized_CPs.txt,141,"(3,-3)",nuclear,142,13.662732,-1.968486,-5.280175,141   13.662732   -1.968486   -5.280175      1
pdi_terminal_functionalized,calculations/pdi_terminal_functionalized/multiwfn_analysis/qtaim/pdi_terminal_functionalized_CPs.txt,142,"(3,-3)",nuclear,143,-9.541847,2.268485,-0.287559,142   -9.541847    2.268485   -0.287559      1
pdi_terminal_functionalized,calculations/pdi_terminal_functionalized/multiwfn_analysis/qtaim/pdi_terminal_functionalized_CPs.txt,143,"(3,-3)",nuclear,144,10.760161,0.034414,-0.419245,143   10.760161    0.034414   -0.419245      1
pdi_terminal_functionalized,calculations/pdi_terminal_functionalized/multiwfn_analysis/qtaim/pdi_terminal_functionalized_CPs.txt,144,"(3,-3)",nuclear,145,-6.749543,2.241685,-0.302898,144   -6.749543    2.241685   -0.302898      1
pdi_terminal_functionalized,calculations/pdi_terminal_functionalized/multiwfn_analysis/qtaim/pdi_terminal_functionalized_CPs.txt,145,"(3,-3)",nuclear,146,13.580697,0.015702,-0.432434,145   13.580697    0.015702   -0.432434      1
pdi_terminal_functionalized,calculations/pdi_terminal_functionalized/multiwfn_analysis/qtaim/pdi_terminal_functionalized_CPs.txt,146,"(3,-3)",nuclear,147,-13.717315,1.968822,-5.125253,146  -13.717315    1.968822   -5.125253      1
pdi_terminal_functionalized,calculations/pdi_terminal_functionalized/multiwfn_analysis/qtaim/pdi_terminal_functionalized_CPs.txt,147,"(3,-3)",nuclear,148,-1.399552,2.321838,-0.32945,147   -1.399552    2.321838   -0.329450      1
pdi_terminal_functionalized,calculations/pdi_terminal_functionalized/multiwfn_analysis/qtaim/pdi_terminal_functionalized_CPs.txt,148,"(3,-3)",nuclear,149,16.698171,0.80799,1.918676,148   16.698171    0.807990    1.918676      1
pdi_terminal_functionalized,calculations/pdi_terminal_functionalized/multiwfn_analysis/qtaim/pdi_terminal_functionalized_CPs.txt,149,"(3,-3)",nuclear,150,14.684101,1.175147,1.981377,149   14.684101    1.175147    1.981377      1
pdi_terminal_functionalized,calculations/pdi_terminal_functionalized/multiwfn_analysis/qtaim/pdi_terminal_functionalized_CPs.txt,150,"(3,-3)",nuclear,151,1.361106,2.334992,-0.372306,150    1.361106    2.334992   -0.372306      1
pdi_terminal_functionalized,calculations/pdi_terminal_functionalized/multiwfn_analysis/qtaim/pdi_terminal_functionalized_CPs.txt,151,"(3,-3)",nuclear,152,-10.717913,4.257074,-0.259568,151  -10.717913    4.257074   -0.259568      1
pdi_terminal_functionalized,calculations/pdi_terminal_functionalized/multiwfn_analysis/qtaim/pdi_terminal_functionalized_CPs.txt,152,"(3,-3)",nuclear,153,13.521387,0.070695,-5.260845,152   13.521387    0.070695   -5.260845      1
pdi_terminal_functionalized,calculations/pdi_terminal_functionalized/multiwfn_analysis/qtaim/pdi_terminal_functionalized_CPs.txt,153,"(3,-3)",nuclear,154,6.710272,2.305285,-0.399684,153    6.710272    2.305285   -0.399684      1
pdi_terminal_functionalized,calculations/pdi_terminal_functionalized/multiwfn_analysis/qtaim/pdi_terminal_functionalized_CPs.txt,154,"(3,-3)",nuclear,155,11.545297,0.56001,-5.441509,154   11.545297    0.560010   -5.441509      1
pdi_terminal_functionalized,calculations/pdi_terminal_functionalized/multiwfn_analysis/qtaim/pdi_terminal_functionalized_CPs.txt,155,"(3,-3)",nuclear,156,16.676433,0.800091,-2.814079,155   16.676433    0.800091   -2.814079      1
pdi_terminal_functionalized,calculations/pdi_terminal_functionalized/multiwfn_analysis/qtaim/pdi_terminal_functionalized_CPs.txt,156,"(3,-3)",nuclear,157,9.503354,2.355459,-0.416542,156    9.503354    2.355459   -0.416542      1
pdi_terminal_functionalized,calculations/pdi_terminal_functionalized/multiwfn_analysis/qtaim/pdi_terminal_functionalized_CPs.txt,157,"(3,-3)",nuclear,158,14.663776,1.177934,-2.854158,157   14.663776    1.177934   -2.854158      1
pdi_terminal_functionalized,calculations/pdi_terminal_functionalized/multiwfn_analysis/qtaim/pdi_terminal_functionalized_CPs.txt,158,"(3,-3)",nuclear,159,-5.451644,4.509593,-0.282307,158   -5.451644    4.509593   -0.282307      1
pdi_terminal_functionalized,calculations/pdi_terminal_functionalized/multiwfn_analysis/qtaim/pdi_terminal_functionalized_CPs.txt,159,"(3,-3)",nuclear,160,-2.821318,4.541475,-0.297403,159   -2.821318    4.541475   -0.297403      1
pdi_terminal_functionalized,calculations/pdi_terminal_functionalized/multiwfn_analysis/qtaim/pdi_terminal_functionalized_CPs.txt,160,"(3,-3)",nuclear,161,14.445723,3.200718,1.95739,160   14.445723    3.200718    1.957390      1
pdi_terminal_functionalized,calculations/pdi_terminal_functionalized/multiwfn_analysis/qtaim/pdi_terminal_functionalized_CPs.txt,161,"(3,-3)",nuclear,162,14.479345,0.788069,-6.913974,161   14.479345    0.788069   -6.913974      1
pdi_terminal_functionalized,calculations/pdi_terminal_functionalized/multiwfn_analysis/qtaim/pdi_terminal_functionalized_CPs.txt,162,"(3,-3)",nuclear,163,2.76155,4.568327,-0.388157,162    2.761550    4.568327   -0.388157      1
pdi_terminal_functionalized,calculations/pdi_terminal_functionalized/multiwfn_analysis/qtaim/pdi_terminal_functionalized_CPs.txt,163,"(3,-3)",nuclear,164,5.392171,4.561,-0.403722,163    5.392171    4.561000   -0.403722      1
pdi_terminal_functionalized,calculations/pdi_terminal_functionalized/multiwfn_analysis/qtaim/pdi_terminal_functionalized_CPs.txt,164,"(3,-3)",nuclear,165,-6.507781,6.232284,-0.256953,164   -6.507781    6.232284   -0.256953      1
pdi_terminal_functionalized,calculations/pdi_terminal_functionalized/multiwfn_analysis/qtaim/pdi_terminal_functionalized_CPs.txt,165,"(3,-3)",nuclear,166,14.435887,3.204555,-2.821658,165   14.435887    3.204555   -2.821658      1
pdi_terminal_functionalized,calculations/pdi_terminal_functionalized/multiwfn_analysis/qtaim/pdi_terminal_functionalized_CPs.txt,166,"(3,-3)",nuclear,167,10.667929,4.352162,-0.429086,166   10.667929    4.352162   -0.429086      1
pdi_terminal_functionalized,calculations/pdi_terminal_functionalized/multiwfn_analysis/qtaim/pdi_terminal_functionalized_CPs.txt,167,"(3,-3)",nuclear,168,-1.903199,6.338803,-0.275587,167   -1.903199    6.338803   -0.275587      1
pdi_terminal_functionalized,calculations/pdi_terminal_functionalized/multiwfn_analysis/qtaim/pdi_terminal_functionalized_CPs.txt,168,"(3,-3)",nuclear,169,1.826201,6.356872,-0.397041,168    1.826201    6.356872   -0.397041      1
pdi_terminal_functionalized,calculations/pdi_terminal_functionalized/multiwfn_analysis/qtaim/pdi_terminal_functionalized_CPs.txt,169,"(3,-3)",nuclear,170,6.433164,6.293225,-0.416727,169    6.433164    6.293225   -0.416727      1
