system,source_file,record,serial,atom_name,residue_name,x,y,z,occupancy,beta_factor,element
pdi,calculations/pdi/multiwfn_analysis/esp/pdi_esp_extrema.pdb,HETATM,1,C,MOL,-7.885,0.015,0.01,1.0,39.18,C
pdi,calculations/pdi/multiwfn_analysis/esp/pdi_esp_extrema.pdb,HETATM,2,C,MOL,-4.399,-0.004,-1.654,1.0,20.87,C
pdi,calculations/pdi/multiwfn_analysis/esp/pdi_esp_extrema.pdb,HETATM,3,C,MOL,-4.407,-0.004,1.645,1.0,20.9,C
pdi,calculations/pdi/multiwfn_analysis/esp/pdi_esp_extrema.pdb,HETATM,4,C,MOL,-2.101,-1.067,1.696,1.0,10.36,C
pdi,calculations/pdi/multiwfn_analysis/esp/pdi_esp_extrema.pdb,HETATM,5,C,MOL,-2.103,-0.935,-1.749,1.0,10.34,C
pdi,calculations/pdi/multiwfn_analysis/esp/pdi_esp_extrema.pdb,HETATM,6,C,MOL,-2.071,0.936,1.738,1.0,10.34,C
pdi,calculations/pdi/multiwfn_analysis/esp/pdi_esp_extrema.pdb,HETATM,7,C,MOL,-2.163,0.98,-1.726,1.0,10.36,C
pdi,calculations/pdi/multiwfn_analysis/esp/pdi_esp_extrema.pdb,HETATM,8,C,MOL,0.016,-4.52,-0.011,1.0,36.64,C
pdi,calculations/pdi/multiwfn_analysis/esp/pdi_esp_extrema.pdb,HETATM,9,C,MOL,0.063,0.026,-1.678,1.0,17.37,C
pdi,calculations/pdi/multiwfn_analysis/esp/pdi_esp_extrema.pdb,HETATM,10,C,MOL,-0.004,-0.016,1.663,1.0,17.46,C
pdi,calculations/pdi/multiwfn_analysis/esp/pdi_esp_extrema.pdb,HETATM,11,C,MOL,0.047,4.52,0.01,1.0,36.62,C
pdi,calculations/pdi/multiwfn_analysis/esp/pdi_esp_extrema.pdb,HETATM,12,C,MOL,2.133,-1.067,1.696,1.0,10.36,C
pdi,calculations/pdi/multiwfn_analysis/esp/pdi_esp_extrema.pdb,HETATM,13,C,MOL,2.132,-0.934,-1.745,1.0,10.38,C
pdi,calculations/pdi/multiwfn_analysis/esp/pdi_esp_extrema.pdb,HETATM,14,C,MOL,2.112,0.985,-1.726,1.0,10.39,C
pdi,calculations/pdi/multiwfn_analysis/esp/pdi_esp_extrema.pdb,HETATM,15,C,MOL,2.132,1.041,1.709,1.0,10.37,C
pdi,calculations/pdi/multiwfn_analysis/esp/pdi_esp_extrema.pdb,HETATM,16,C,MOL,4.363,-0.004,-1.656,1.0,20.9,C
pdi,calculations/pdi/multiwfn_analysis/esp/pdi_esp_extrema.pdb,HETATM,17,C,MOL,4.393,0.028,1.644,1.0,20.85,C
pdi,calculations/pdi/multiwfn_analysis/esp/pdi_esp_extrema.pdb,HETATM,18,C,MOL,7.879,0.031,0.023,1.0,39.17,C
pdi,calculations/pdi/multiwfn_analysis/esp/pdi_esp_extrema.pdb,HETATM,1,O,MOL,-6.986,3.443,-0.002,1.0,-30.76,O
pdi,calculations/pdi/multiwfn_analysis/esp/pdi_esp_extrema.pdb,HETATM,2,O,MOL,-6.983,-3.443,-0.005,1.0,-30.76,O
pdi,calculations/pdi/multiwfn_analysis/esp/pdi_esp_extrema.pdb,HETATM,3,O,MOL,-5.946,-0.012,-1.892,1.0,6.63,O
pdi,calculations/pdi/multiwfn_analysis/esp/pdi_esp_extrema.pdb,HETATM,4,O,MOL,-6.053,-0.003,1.859,1.0,6.62,O
pdi,calculations/pdi/multiwfn_analysis/esp/pdi_esp_extrema.pdb,HETATM,5,O,MOL,-3.296,-2.127,1.954,1.0,4.66,O
pdi,calculations/pdi/multiwfn_analysis/esp/pdi_esp_extrema.pdb,HETATM,6,O,MOL,-3.262,1.995,2.002,1.0,4.66,O
pdi,calculations/pdi/multiwfn_analysis/esp/pdi_esp_extrema.pdb,HETATM,7,O,MOL,-3.258,2.132,-1.961,1.0,4.63,O
pdi,calculations/pdi/multiwfn_analysis/esp/pdi_esp_extrema.pdb,HETATM,8,O,MOL,-3.16,-1.993,-2.011,1.0,4.63,O
pdi,calculations/pdi/multiwfn_analysis/esp/pdi_esp_extrema.pdb,HETATM,9,O,MOL,-1.938,0.012,-1.965,1.0,8.82,O
pdi,calculations/pdi/multiwfn_analysis/esp/pdi_esp_extrema.pdb,HETATM,10,O,MOL,-1.979,-0.012,1.943,1.0,8.89,O
pdi,calculations/pdi/multiwfn_analysis/esp/pdi_esp_extrema.pdb,HETATM,11,O,MOL,1.905,0.017,-1.958,1.0,8.89,O
pdi,calculations/pdi/multiwfn_analysis/esp/pdi_esp_extrema.pdb,HETATM,12,O,MOL,1.995,-0.011,1.951,1.0,8.82,O
pdi,calculations/pdi/multiwfn_analysis/esp/pdi_esp_extrema.pdb,HETATM,13,O,MOL,3.19,-1.993,-2.01,1.0,4.66,O
pdi,calculations/pdi/multiwfn_analysis/esp/pdi_esp_extrema.pdb,HETATM,14,O,MOL,3.211,2.12,-1.98,1.0,4.67,O
pdi,calculations/pdi/multiwfn_analysis/esp/pdi_esp_extrema.pdb,HETATM,15,O,MOL,3.318,-2.128,1.951,1.0,4.63,O
pdi,calculations/pdi/multiwfn_analysis/esp/pdi_esp_extrema.pdb,HETATM,16,O,MOL,3.314,2.105,1.975,1.0,4.63,O
pdi,calculations/pdi/multiwfn_analysis/esp/pdi_esp_extrema.pdb,HETATM,17,O,MOL,5.958,-0.012,-1.891,1.0,6.61,O
pdi,calculations/pdi/multiwfn_analysis/esp/pdi_esp_extrema.pdb,HETATM,18,O,MOL,5.997,0.011,1.869,1.0,6.6,O
pdi,calculations/pdi/multiwfn_analysis/esp/pdi_esp_extrema.pdb,HETATM,19,O,MOL,6.983,-3.443,-0.034,1.0,-30.77,O
pdi,calculations/pdi/multiwfn_analysis/esp/pdi_esp_extrema.pdb,HETATM,20,O,MOL,6.992,3.426,-0.037,1.0,-30.77,O
pdi_terminal_functionalized,calculations/pdi_terminal_functionalized/multiwfn_analysis/esp/pdi_terminal_functionalizd_esp_extrema.pdb,HETATM,1,C,MOL,-10.151,-0.032,-1.105,1.0,9.43,C
pdi_terminal_functionalized,calculations/pdi_terminal_functionalized/multiwfn_analysis/esp/pdi_terminal_functionalizd_esp_extrema.pdb,HETATM,2,C,MOL,-10.149,-0.018,0.883,1.0,9.42,C
pdi_terminal_functionalized,calculations/pdi_terminal_functionalized/multiwfn_analysis/esp/pdi_terminal_functionalizd_esp_extrema.pdb,HETATM,3,C,MOL,-8.379,-0.94,4.366,1.0,8.24,C
pdi_terminal_functionalized,calculations/pdi_terminal_functionalized/multiwfn_analysis/esp/pdi_terminal_functionalizd_esp_extrema.pdb,HETATM,4,C,MOL,-8.463,-0.904,-4.632,1.0,8.28,C
pdi_terminal_functionalized,calculations/pdi_terminal_functionalized/multiwfn_analysis/esp/pdi_terminal_functionalizd_esp_extrema.pdb,HETATM,5,C,MOL,-8.022,-2.857,-2.15,1.0,0.62,C
pdi_terminal_functionalized,calculations/pdi_terminal_functionalized/multiwfn_analysis/esp/pdi_terminal_functionalizd_esp_extrema.pdb,HETATM,6,C,MOL,-8.017,-2.866,1.83,1.0,0.59,C
pdi_terminal_functionalized,calculations/pdi_terminal_functionalized/multiwfn_analysis/esp/pdi_terminal_functionalizd_esp_extrema.pdb,HETATM,7,C,MOL,-7.744,2.325,-2.941,1.0,4.29,C
pdi_terminal_functionalized,calculations/pdi_terminal_functionalized/multiwfn_analysis/esp/pdi_terminal_functionalizd_esp_extrema.pdb,HETATM,8,C,MOL,-7.69,2.27,2.779,1.0,4.24,C
pdi_terminal_functionalized,calculations/pdi_terminal_functionalized/multiwfn_analysis/esp/pdi_terminal_functionalizd_esp_extrema.pdb,HETATM,9,C,MOL,-4.43,-0.157,1.539,1.0,17.14,C
pdi_terminal_functionalized,calculations/pdi_terminal_functionalized/multiwfn_analysis/esp/pdi_terminal_functionalizd_esp_extrema.pdb,HETATM,10,C,MOL,-4.414,-0.15,-1.874,1.0,17.08,C
pdi_terminal_functionalized,calculations/pdi_terminal_functionalized/multiwfn_analysis/esp/pdi_terminal_functionalizd_esp_extrema.pdb,HETATM,11,C,MOL,-2.197,-0.955,-1.923,1.0,6.71,C
pdi_terminal_functionalized,calculations/pdi_terminal_functionalized/multiwfn_analysis/esp/pdi_terminal_functionalizd_esp_extrema.pdb,HETATM,12,C,MOL,-2.162,-0.933,1.562,1.0,6.73,C
pdi_terminal_functionalized,calculations/pdi_terminal_functionalized/multiwfn_analysis/esp/pdi_terminal_functionalizd_esp_extrema.pdb,HETATM,13,C,MOL,-2.183,0.905,1.564,1.0,6.7,C
pdi_terminal_functionalized,calculations/pdi_terminal_functionalized/multiwfn_analysis/esp/pdi_terminal_functionalizd_esp_extrema.pdb,HETATM,14,C,MOL,-2.168,1.061,-1.877,1.0,6.67,C
pdi_terminal_functionalized,calculations/pdi_terminal_functionalized/multiwfn_analysis/esp/pdi_terminal_functionalizd_esp_extrema.pdb,HETATM,15,C,MOL,-0.039,-0.011,-1.862,1.0,13.58,C
pdi_terminal_functionalized,calculations/pdi_terminal_functionalized/multiwfn_analysis/esp/pdi_terminal_functionalizd_esp_extrema.pdb,HETATM,16,C,MOL,-0.012,0.012,1.482,1.0,13.57,C
pdi_terminal_functionalized,calculations/pdi_terminal_functionalized/multiwfn_analysis/esp/pdi_terminal_functionalizd_esp_extrema.pdb,HETATM,17,C,MOL,-0.032,4.501,-0.14,1.0,33.42,C
pdi_terminal_functionalized,calculations/pdi_terminal_functionalized/multiwfn_analysis/esp/pdi_terminal_functionalizd_esp_extrema.pdb,HETATM,18,C,MOL,0.076,-4.529,-0.157,1.0,33.37,C
pdi_terminal_functionalized,calculations/pdi_terminal_functionalized/multiwfn_analysis/esp/pdi_terminal_functionalizd_esp_extrema.pdb,HETATM,19,C,MOL,2.098,0.908,-1.946,1.0,6.73,C
pdi_terminal_functionalized,calculations/pdi_terminal_functionalized/multiwfn_analysis/esp/pdi_terminal_functionalizd_esp_extrema.pdb,HETATM,20,C,MOL,2.164,-0.957,-1.932,1.0,6.73,C
pdi_terminal_functionalized,calculations/pdi_terminal_functionalized/multiwfn_analysis/esp/pdi_terminal_functionalizd_esp_extrema.pdb,HETATM,21,C,MOL,2.18,-0.955,1.533,1.0,6.68,C
pdi_terminal_functionalized,calculations/pdi_terminal_functionalized/multiwfn_analysis/esp/pdi_terminal_functionalizd_esp_extrema.pdb,HETATM,22,C,MOL,2.167,1.029,1.513,1.0,6.75,C
pdi_terminal_functionalized,calculations/pdi_terminal_functionalized/multiwfn_analysis/esp/pdi_terminal_functionalizd_esp_extrema.pdb,HETATM,23,C,MOL,4.346,0.006,1.472,1.0,17.14,C
pdi_terminal_functionalized,calculations/pdi_terminal_functionalized/multiwfn_analysis/esp/pdi_terminal_functionalizd_esp_extrema.pdb,HETATM,24,C,MOL,4.421,0.102,-1.923,1.0,17.04,C
pdi_terminal_functionalized,calculations/pdi_terminal_functionalized/multiwfn_analysis/esp/pdi_terminal_functionalizd_esp_extrema.pdb,HETATM,25,C,MOL,7.724,-2.312,-3.073,1.0,4.3,C
pdi_terminal_functionalized,calculations/pdi_terminal_functionalized/multiwfn_analysis/esp/pdi_terminal_functionalizd_esp_extrema.pdb,HETATM,26,C,MOL,7.757,-2.324,2.593,1.0,4.25,C
pdi_terminal_functionalized,calculations/pdi_terminal_functionalized/multiwfn_analysis/esp/pdi_terminal_functionalizd_esp_extrema.pdb,HETATM,27,C,MOL,7.995,2.834,1.773,1.0,0.63,C
pdi_terminal_functionalized,calculations/pdi_terminal_functionalized/multiwfn_analysis/esp/pdi_terminal_functionalizd_esp_extrema.pdb,HETATM,28,C,MOL,8.083,2.821,-2.209,1.0,0.57,C
pdi_terminal_functionalized,calculations/pdi_terminal_functionalized/multiwfn_analysis/esp/pdi_terminal_functionalizd_esp_extrema.pdb,HETATM,29,C,MOL,8.418,0.908,-4.713,1.0,8.26,C
pdi_terminal_functionalized,calculations/pdi_terminal_functionalized/multiwfn_analysis/esp/pdi_terminal_functionalizd_esp_extrema.pdb,HETATM,30,C,MOL,8.455,0.94,4.229,1.0,8.26,C
pdi_terminal_functionalized,calculations/pdi_terminal_functionalized/multiwfn_analysis/esp/pdi_terminal_functionalizd_esp_extrema.pdb,HETATM,31,C,MOL,10.133,-0.004,-1.217,1.0,9.42,C
pdi_terminal_functionalized,calculations/pdi_terminal_functionalized/multiwfn_analysis/esp/pdi_terminal_functionalizd_esp_extrema.pdb,HETATM,32,C,MOL,10.145,-0.014,0.773,1.0,9.43,C
pdi_terminal_functionalized,calculations/pdi_terminal_functionalized/multiwfn_analysis/esp/pdi_terminal_functionalizd_esp_extrema.pdb,HETATM,1,O,MOL,-7.129,0.972,4.079,1.0,-2.39,O
pdi_terminal_functionalized,calculations/pdi_terminal_functionalized/multiwfn_analysis/esp/pdi_terminal_functionalizd_esp_extrema.pdb,HETATM,2,O,MOL,-7.191,1.043,-4.383,1.0,-2.34,O
pdi_terminal_functionalized,calculations/pdi_terminal_functionalized/multiwfn_analysis/esp/pdi_terminal_functionalizd_esp_extrema.pdb,HETATM,3,O,MOL,-6.639,-1.823,-3.294,1.0,-2.32,O
pdi_terminal_functionalized,calculations/pdi_terminal_functionalized/multiwfn_analysis/esp/pdi_terminal_functionalizd_esp_extrema.pdb,HETATM,4,O,MOL,-6.61,-1.871,2.942,1.0,-2.34,O
pdi_terminal_functionalized,calculations/pdi_terminal_functionalized/multiwfn_analysis/esp/pdi_terminal_functionalizd_esp_extrema.pdb,HETATM,5,O,MOL,-6.531,3.751,-0.054,1.0,-30.22,O
pdi_terminal_functionalized,calculations/pdi_terminal_functionalized/multiwfn_analysis/esp/pdi_terminal_functionalizd_esp_extrema.pdb,HETATM,6,O,MOL,-6.334,-3.923,-0.222,1.0,-29.19,O
pdi_terminal_functionalized,calculations/pdi_terminal_functionalized/multiwfn_analysis/esp/pdi_terminal_functionalizd_esp_extrema.pdb,HETATM,7,O,MOL,-3.345,2.108,-2.124,1.0,1.24,O
pdi_terminal_functionalized,calculations/pdi_terminal_functionalized/multiwfn_analysis/esp/pdi_terminal_functionalizd_esp_extrema.pdb,HETATM,8,O,MOL,-3.22,1.969,1.836,1.0,1.23,O
pdi_terminal_functionalized,calculations/pdi_terminal_functionalized/multiwfn_analysis/esp/pdi_terminal_functionalizd_esp_extrema.pdb,HETATM,9,O,MOL,-3.112,-2.144,1.798,1.0,1.55,O
pdi_terminal_functionalized,calculations/pdi_terminal_functionalized/multiwfn_analysis/esp/pdi_terminal_functionalizd_esp_extrema.pdb,HETATM,10,O,MOL,-3.12,-2.014,-2.184,1.0,1.54,O
pdi_terminal_functionalized,calculations/pdi_terminal_functionalized/multiwfn_analysis/esp/pdi_terminal_functionalizd_esp_extrema.pdb,HETATM,11,O,MOL,-2.193,-2.278,1.787,1.0,1.78,O
pdi_terminal_functionalized,calculations/pdi_terminal_functionalized/multiwfn_analysis/esp/pdi_terminal_functionalizd_esp_extrema.pdb,HETATM,12,O,MOL,-1.904,-0.02,-2.143,1.0,5.37,O
pdi_terminal_functionalized,calculations/pdi_terminal_functionalized/multiwfn_analysis/esp/pdi_terminal_functionalizd_esp_extrema.pdb,HETATM,13,O,MOL,-1.931,-0.018,1.771,1.0,5.41,O
pdi_terminal_functionalized,calculations/pdi_terminal_functionalized/multiwfn_analysis/esp/pdi_terminal_functionalizd_esp_extrema.pdb,HETATM,14,O,MOL,1.928,-0.022,-2.151,1.0,5.42,O
pdi_terminal_functionalized,calculations/pdi_terminal_functionalized/multiwfn_analysis/esp/pdi_terminal_functionalizd_esp_extrema.pdb,HETATM,15,O,MOL,1.903,-0.018,1.763,1.0,5.36,O
pdi_terminal_functionalized,calculations/pdi_terminal_functionalized/multiwfn_analysis/esp/pdi_terminal_functionalizd_esp_extrema.pdb,HETATM,16,O,MOL,2.167,2.218,-2.191,1.0,1.77,O
pdi_terminal_functionalized,calculations/pdi_terminal_functionalized/multiwfn_analysis/esp/pdi_terminal_functionalizd_esp_extrema.pdb,HETATM,17,O,MOL,3.126,2.032,-2.205,1.0,1.55,O
pdi_terminal_functionalized,calculations/pdi_terminal_functionalized/multiwfn_analysis/esp/pdi_terminal_functionalizd_esp_extrema.pdb,HETATM,18,O,MOL,3.094,2.085,1.778,1.0,1.54,O
pdi_terminal_functionalized,calculations/pdi_terminal_functionalized/multiwfn_analysis/esp/pdi_terminal_functionalizd_esp_extrema.pdb,HETATM,19,O,MOL,3.224,-2.016,-2.192,1.0,1.25,O
pdi_terminal_functionalized,calculations/pdi_terminal_functionalized/multiwfn_analysis/esp/pdi_terminal_functionalizd_esp_extrema.pdb,HETATM,20,O,MOL,3.23,-2.015,1.784,1.0,1.22,O
pdi_terminal_functionalized,calculations/pdi_terminal_functionalized/multiwfn_analysis/esp/pdi_terminal_functionalizd_esp_extrema.pdb,HETATM,21,O,MOL,5.88,-1.272,-3.657,1.0,-2.22,O
pdi_terminal_functionalized,calculations/pdi_terminal_functionalized/multiwfn_analysis/esp/pdi_terminal_functionalizd_esp_extrema.pdb,HETATM,22,O,MOL,6.145,-1.086,-4.036,1.0,-2.21,O
pdi_terminal_functionalized,calculations/pdi_terminal_functionalized/multiwfn_analysis/esp/pdi_terminal_functionalizd_esp_extrema.pdb,HETATM,23,O,MOL,6.363,3.88,-0.255,1.0,-29.19,O
pdi_terminal_functionalized,calculations/pdi_terminal_functionalized/multiwfn_analysis/esp/pdi_terminal_functionalizd_esp_extrema.pdb,HETATM,24,O,MOL,6.494,-3.795,-0.226,1.0,-30.22,O
pdi_terminal_functionalized,calculations/pdi_terminal_functionalized/multiwfn_analysis/esp/pdi_terminal_functionalizd_esp_extrema.pdb,HETATM,25,O,MOL,6.631,1.767,3.086,1.0,-2.29,O
pdi_terminal_functionalized,calculations/pdi_terminal_functionalized/multiwfn_analysis/esp/pdi_terminal_functionalizd_esp_extrema.pdb,HETATM,26,O,MOL,7.122,-1.021,-4.464,1.0,-2.34,O
pdi_terminal_functionalized,calculations/pdi_terminal_functionalized/multiwfn_analysis/esp/pdi_terminal_functionalizd_esp_extrema.pdb,HETATM,27,O,MOL,7.165,-1.007,4.017,1.0,-2.38,O
